{
	"info": {
		"_postman_id": "e9483782-1d8b-42c8-8d7f-ccfe31b773c8",
		"name": "New Collection",
		"schema": "https://schema.getpostman.com/json/collection/v2.1.0/collection.json",
		"_exporter_id": "32862722"
	},
	"item": [
		{
			"name": "/usuarios",
			"request": {
				"method": "GET",
				"header": []
			},
			"response": []
		},
		{
			"name": "/usuarios/{id}",
			"request": {
				"method": "GET",
				"header": []
			},
			"response": []
		},
		{
			"name": "/usuarios",
			"request": {
				"method": "POST",
				"header": [],
				"body": {
					"mode": "raw",
					"raw": "{\r\n    \"email\": \"pablo@email.com\",\r\n    \"password\": \"12345abc\"\r\n}",
					"options": {
						"raw": {
							"language": "json"
						}
					}
				},
				"url": {
					"raw": "localhost:8080/usuarios",
					"host": [
						"localhost"
					],
					"port": "8080",
					"path": [
						"usuarios"
					]
				}
			},
			"response": []
		},
		{
			"name": "/usuarios/{id}",
			"request": {
				"method": "PATCH",
				"header": [],
				"body": {
					"mode": "raw",
					"raw": "{\r\n    \"activo\":false\r\n}",
					"options": {
						"raw": {
							"language": "json"
						}
					}
				},
				"url": {
					"raw": "localhost:8080/usuarios/1",
					"host": [
						"localhost"
					],
					"port": "8080",
					"path": [
						"usuarios",
						"1"
					]
				}
			},
			"response": []
		},
		{
			"name": "/usuarios/{id}",
			"request": {
				"method": "DELETE",
				"header": [],
				"url": {
					"raw": "localhost:8080/usuarios/5",
					"host": [
						"localhost"
					],
					"port": "8080",
					"path": [
						"usuarios",
						"5"
					]
				}
			},
			"response": []
		}
	]
}